<?xml version="1.0" encoding="UTF-8"?>
<eml:eml xmlns:eml="eml://ecoinformatics.org/eml-2.1.1" xmlns:dc="http://purl.org/dc/terms/" xmlns:xsi="http://www.w3.org/2001/XMLSchema-instance" xsi:schemaLocation="eml://ecoinformatics.org/eml-2.1.1 http://rs.gbif.org/schema/eml-gbif-profile/1.0.1/eml.xsd" packageId="bdefdf50-3c32-439a-81bc-f968e139a8ed" system="https://symbiota.org" scope="system" xml:lang="eng"><dataset><alternateIdentifier>https://cch2.org/portal/collections/misc/collprofiles.php?collid=13</alternateIdentifier><title xml:lang="eng">UCSC Herbarium - Kenneth S. Norris Center for Natural History, University of California Santa Cruz</title><creator id="e48fca90-c3c1-46c0-ab72-ff8a7bb13c05"><organizationName>CCH2 Portal</organizationName><electronicMailAddress>jyost@calpoly.edu</electronicMailAddress><onlineUrl>https://cch2.org/portal/index.php</onlineUrl></creator><metadataProvider><organizationName>CCH2 Portal</organizationName><electronicMailAddress>jyost@calpoly.edu</electronicMailAddress><onlineUrl>https://cch2.org/portal/index.php</onlineUrl></metadataProvider><pubDate>2025-04-08</pubDate><language>eng</language><abstract><para>The Herbarium at the Kenneth S. Norris Center for Natural History (UC Santa Cruz) houses more than 13,500 vascular plants, algae, lichens, bryophytes, and fungi. The collection focuses primarily on mostly native organisms from Santa Cruz County and the University of California Reserves but also contains important specimens from throughout California and occasionally those of interest from elsewhere around the world. The research collection archives research and publication voucher specimens and the student collection serves as a university educational resource. Notable collections within the UCSC Herbarium include those of R. Morgan (1969-2017), Dylan Neubauer (collections of interest from throughout California), David Styer (Fort Ord National Monument collections), Neal Kramer (Bonny Doon Ecological Reserve collections), Ken Kellman, Al Keuter, and the Bureau of Land Management collections from Cotoni-Coast Dairies National Monument.</para></abstract><contact><organizationName>UCSC Herbarium - Kenneth S. Norris Center for Natural History, University of California Santa Cruz</organizationName><phone>(831) 459-4763</phone><electronicMailAddress>cml@ucsc.edu; akeuter@ucsc.edu</electronicMailAddress><onlineUrl>https://norriscenter.ucsc.edu/</onlineUrl><addr><deliveryPoint>1156 High Street</deliveryPoint><city>Santa Cruz</city><administrativeArea>CA</administrativeArea><postalCode>95064</postalCode><country>USA</country></addr></contact><associatedParty><individualName><surName>Chris Lay (Administrative Director); Al Keuter (Vascular Plants Curator)</surName><givenName></givenName></individualName><electronicMailAddress>cml@ucsc.edu; akeuter@ucsc.edu</electronicMailAddress><role>contentProvider</role></associatedParty><intellectualRights><para>To the extent possible under law, the publisher has waived all rights to these data and has dedicated them to the <ulink url="http://creativecommons.org/licenses/by-nc/4.0/"><citetitle></citetitle></ulink></para></intellectualRights></dataset><additionalMetadata><metadata><symbiota id="e48fca90-c3c1-46c0-ab72-ff8a7bb13c05"><dateStamp>2025-04-08T17:29:08-07:00</dateStamp><citation identifier="10f08e70-49ba-4c1a-9f42-6fe05e918183">CCH2 Portal - 10f08e70-49ba-4c1a-9f42-6fe05e918183</citation><physical><characterEncoding>UTF-8</characterEncoding><dataFormat><externallyDefinedFormat><formatName>Darwin Core Archive</formatName></externallyDefinedFormat></dataFormat></physical><collection identifier="3818da9e-b6a4-11e8-b408-001a64db2964" id="13"><alternateIdentifier>https://cch2.org/portal/collections/misc/collprofiles.php?collid=13</alternateIdentifier><parentCollectionIdentifier>UCSC</parentCollectionIdentifier><collectionIdentifier></collectionIdentifier><collectionName>UCSC Herbarium - Kenneth S. Norris Center for Natural History, University of California Santa Cruz</collectionName><resourceLogoUrl>https://nansh.org/portal/content/collicon/ucsc.jpg</resourceLogoUrl><onlineUrl>https://norriscenter.ucsc.edu/</onlineUrl><intellectualRights>http://creativecommons.org/licenses/by-nc/4.0/</intellectualRights><associatedParty><individualName><surName>Chris Lay (Administrative Director); Al Keuter (Vascular Plants Curator)</surName><givenName></givenName></individualName><electronicMailAddress>cml@ucsc.edu; akeuter@ucsc.edu</electronicMailAddress></associatedParty><abstract><para>&lt;p&gt;The Herbarium at the Kenneth S. Norris Center for Natural History (UC Santa Cruz) houses more than 13,500 vascular plants, algae, lichens, bryophytes, and fungi. The collection focuses primarily on mostly native organisms from Santa Cruz County and the University of California Reserves but also contains important specimens from throughout California and occasionally those of interest from elsewhere around the world. The research collection archives research and publication voucher specimens and the student collection serves as a university educational resource. Notable collections within the UCSC Herbarium include those of R. Morgan (1969-2017), Dylan Neubauer (collections of interest from throughout California), David Styer (Fort Ord National Monument collections), Neal Kramer (Bonny Doon Ecological Reserve collections), Ken Kellman, Al Keuter, and the Bureau of Land Management collections from Cotoni-Coast Dairies National Monument.&lt;/p&gt;</para></abstract></collection></symbiota></metadata></additionalMetadata></eml:eml>
